{"embedTypes":["iframe"],"language":"de","defaultLanguage":"de","license":"U","extraTitle":"{topic}","title":"{topic}","mainLibrary":"H5P.Column","preloadedDependencies":[{"machineName":"H5P.AdvancedText","majorVersion":1,"minorVersion":1},{"machineName":"H5P.Video","majorVersion":1,"minorVersion":6},{"machineName":"H5P.MultiChoice","majorVersion":1,"minorVersion":16},{"machineName":"FontAwesome","majorVersion":4,"minorVersion":5},{"machineName":"H5P.JoubelUI","majorVersion":1,"minorVersion":3},{"machineName":"H5P.Transition","majorVersion":1,"minorVersion":0},{"machineName":"H5P.FontIcons","majorVersion":1,"minorVersion":0},{"machineName":"H5P.Question","majorVersion":1,"minorVersion":5},{"machineName":"H5P.QuestionSet","majorVersion":1,"minorVersion":20},{"machineName":"H5P.DragText","majorVersion":1,"minorVersion":10},{"machineName":"jQuery.ui","majorVersion":1,"minorVersion":10},{"machineName":"H5P.Column","majorVersion":1,"minorVersion":18}]}